,carga_real,data_previsao,prevcarga,carga_prevista_final
0,12077,2024-01-15 00:30:00,13296.026,12909.434434328541
1,11764,2024-01-15 01:00:00,13088.694,12495.051815913184
2,11467,2024-01-15 01:30:00,12888.789,12132.353571401525
3,11212,2024-01-15 02:00:00,12659.215,11845.540714032952
4,11014,2024-01-15 02:30:00,12398.955,11588.668961431986
5,10820,2024-01-15 03:00:00,12195.05,11362.195465049303
6,10641,2024-01-15 03:30:00,12041.101,11157.608134597203
7,10504,2024-01-15 04:00:00,11956.335,10967.199115164487
8,10389,2024-01-15 04:30:00,11939.483,10892.593330156136
9,10179,2024-01-15 05:00:00,12003.744,10743.643454844972
10,9735,2024-01-15 05:30:00,12173.602,10450.487722398586
11,9857,2024-01-15 06:00:00,12299.831,10290.274566111097
12,10111,2024-01-15 06:30:00,12340.59,10189.568982070834
13,10446,2024-01-15 07:00:00,12893.385,10369.965439379037
14,10676,2024-01-15 07:30:00,13972.268,10758.442172732084
15,10806,2024-01-15 08:00:00,14864.488,10870.731655370446
16,10934,2024-01-15 08:30:00,15630.808,11007.708315646105
17,11159,2024-01-15 09:00:00,16184.571,11149.92111426051
18,11409,2024-01-15 09:30:00,16476.123,11296.408415124672
19,11737,2024-01-15 10:00:00,16868.174,11350.590932923256
20,12038,2024-01-15 10:30:00,17342.812,11674.794237158683
21,12251,2024-01-15 11:00:00,17668.598,12020.62938357302
22,12415,2024-01-15 11:30:00,17917.629,12303.47165845042
23,12560,2024-01-15 12:00:00,17749.496,12414.740033591188
24,12697,2024-01-15 12:30:00,17089.21,12416.697810325162
25,12869,2024-01-15 13:00:00,17142.453,12677.337341809227
26,12912,2024-01-15 13:30:00,17888.943,12784.470357600758
27,12924,2024-01-15 14:00:00,18347.799,12873.779630209809
28,12970,2024-01-15 14:30:00,18614.47,12969.763712029544
29,13003,2024-01-15 15:00:00,18648.791,12956.221308988072
30,13041,2024-01-15 15:30:00,18406.379,12987.535350466118
31,13010,2024-01-15 16:00:00,18307.975,12858.477199158137
32,13052,2024-01-15 16:30:00,18367.508,12834.363504083027
33,13218,2024-01-15 17:00:00,18104.713,12940.967199081753
34,13403,2024-01-15 17:30:00,17516.502,13180.486723018501
35,13432,2024-01-15 18:00:00,16730.52,13694.430480923687
36,13458,2024-01-15 18:30:00,15687.907,13810.653488144204
37,13578,2024-01-15 19:00:00,15462.05,14144.654761551235
38,14271,2024-01-15 19:30:00,16036.634,14578.549471316357
39,14666,2024-01-15 20:00:00,16520.895,14902.595985374295
40,14726,2024-01-15 20:30:00,17007.785,15281.59485249118
41,14748,2024-01-15 21:00:00,17224.727,15526.89555183771
42,14746,2024-01-15 21:30:00,17152.828,15369.42244712178
43,14659,2024-01-15 22:00:00,16943.252,15137.523490803867
44,14489,2024-01-15 22:30:00,16584.36,15037.610860907227
45,14200,2024-01-15 23:00:00,16129.597,14615.566722730602
46,13816,2024-01-15 23:30:00,15553.552,14300.298009151427
47,13284,2024-01-16 00:30:00,15451.479,13781.838279074784
48,12980,2024-01-16 01:00:00,15094.258,13415.759789387126
49,12769,2024-01-16 01:30:00,14734.332,13173.943649635841
50,12570,2024-01-16 02:00:00,14393.511,12950.12020195464
51,12428,2024-01-16 02:30:00,14066.484,12662.966980544732
52,12316,2024-01-16 03:00:00,13817.064,12463.061289050886
53,12246,2024-01-16 03:30:00,13645.374,12303.16162629851
54,12208,2024-01-16 04:00:00,13515.388,12247.78549355444
55,12243,2024-01-16 04:30:00,13425.685,12203.735105542837
56,12469,2024-01-16 05:00:00,13434.865,12300.38793448077
57,12505,2024-01-16 05:30:00,13560.011,12486.441224353723
58,12852,2024-01-16 06:00:00,13663.433,12610.462545908465
59,13420,2024-01-16 06:30:00,13715.669,12684.342525561482
60,14662,2024-01-16 07:00:00,14206.014,13293.665848242224
61,15607,2024-01-16 07:30:00,15127.222,14458.686213485216
62,16405,2024-01-16 08:00:00,16030.447,15074.808744516451
63,16883,2024-01-16 08:30:00,16988.836,15950.089147196506
64,17188,2024-01-16 09:00:00,17573.373,16651.961731601637
65,17478,2024-01-16 09:30:00,17749.242,16960.270002757552
66,17743,2024-01-16 10:00:00,18054.488,17333.613207471135
67,18089,2024-01-16 10:30:00,18450.137,17854.282095660776
68,18377,2024-01-16 11:00:00,18745.371,18269.835332094903
69,18160,2024-01-16 11:30:00,19010.795,18525.63915932751
70,17556,2024-01-16 12:00:00,18913.586,18347.11381762309
71,17693,2024-01-16 12:30:00,18390.092,17615.425416455793
72,18481,2024-01-16 13:00:00,18502.389,17601.345855288375
73,19126,2024-01-16 13:30:00,19226.49,18423.44349110187
74,19334,2024-01-16 14:00:00,19734.633,18846.97897445978
75,19354,2024-01-16 14:30:00,20117.85,19129.017169080274
76,19235,2024-01-16 15:00:00,20182.078,19134.534504271258
77,19122,2024-01-16 15:30:00,19877.898,18863.605178590646
78,19004,2024-01-16 16:00:00,19678.693,18959.139190481852
79,18797,2024-01-16 16:30:00,19574.047,18994.497214018593
80,18237,2024-01-16 17:00:00,19182.262,18540.522358241105
81,17431,2024-01-16 17:30:00,18579.803,17942.936659731997
82,16395,2024-01-16 18:00:00,17712.09,17621.467933840897
83,16145,2024-01-16 18:30:00,16489.861,16667.051833366924
84,16276,2024-01-16 19:00:00,16147.035,16195.661265502242
85,17080,2024-01-16 19:30:00,16661.992,16675.937360975717
86,17478,2024-01-16 20:00:00,16994.371,17218.76109688706
87,17506,2024-01-16 20:30:00,17220.893,17753.87148375633
88,17534,2024-01-16 21:00:00,17415.748,17899.96036164125
89,17482,2024-01-16 21:30:00,17551.012,17826.99117324353
90,17217,2024-01-16 22:00:00,17515.451,17430.167884160735
91,16815,2024-01-16 22:30:00,17311.975,17146.19536410332
92,16250,2024-01-16 23:00:00,16971.691,16816.305514080486
93,15761,2024-01-16 23:30:00,16506.283,16327.02112978149
94,14941,2024-01-17 00:30:00,14906.188,15611.734231702063
95,14526,2024-01-17 01:00:00,14522.427,15274.961666283227
96,14198,2024-01-17 01:30:00,14124.834,14847.85519026543
97,13895,2024-01-17 02:00:00,13797.829,14452.764568589511
98,13647,2024-01-17 02:30:00,13534.618,14125.690191478896
99,13418,2024-01-17 03:00:00,13341.647,13851.206227050205
100,13312,2024-01-17 03:30:00,13223.597,13651.895627992932
101,13277,2024-01-17 04:00:00,13141.69,13543.105779848185
102,13245,2024-01-17 04:30:00,13097.033,13469.729934044693
103,13266,2024-01-17 05:00:00,13124.985,13432.997275642476
104,13327,2024-01-17 05:30:00,13234.606,13569.304494239059
105,13502,2024-01-17 06:00:00,13391.226,13693.583162799494
106,14015,2024-01-17 06:30:00,13566.316,13761.939836981886
107,14947,2024-01-17 07:00:00,14124.12,14317.419625931712
108,15956,2024-01-17 07:30:00,15071.475,15319.336640146159
109,16986,2024-01-17 08:00:00,15946.609,16001.72684134557
110,17651,2024-01-17 08:30:00,16807.51,16908.94858022587
111,17927,2024-01-17 09:00:00,17374.62,17498.73917213206
112,18304,2024-01-17 09:30:00,17609.098,17686.31071422367
113,18726,2024-01-17 10:00:00,17966.803,18392.11249971787
114,19057,2024-01-17 10:30:00,18419.639,18839.71711617404
115,19327,2024-01-17 11:00:00,18730.555,19138.121615127187
116,19413,2024-01-17 11:30:00,18979.537,19441.797791354227
117,18899,2024-01-17 12:00:00,18787.777,19051.118923921924
118,19073,2024-01-17 12:30:00,18073.344,18373.225831583884
119,20016,2024-01-17 13:00:00,18155.795,18453.955023151444
120,20508,2024-01-17 13:30:00,19017.812,19326.19606235977
121,20560,2024-01-17 14:00:00,19539.707,19840.386533854966
122,20515,2024-01-17 14:30:00,19817.125,20264.303008303912
123,20309,2024-01-17 15:00:00,19894.406,20298.20285405071
124,20185,2024-01-17 15:30:00,19714.16,19989.326038401123
125,20060,2024-01-17 16:00:00,19604.768,19792.140318507285
126,19636,2024-01-17 16:30:00,19580.445,19692.409258541717
127,19007,2024-01-17 17:00:00,19248.738,19262.623811351034
128,18203,2024-01-17 17:30:00,18637.652,18572.50132161942
129,17139,2024-01-17 18:00:00,17874.402,17749.727904768857
130,16839,2024-01-17 18:30:00,16890.865,16586.621512080612
131,17228,2024-01-17 19:00:00,16605.123,16274.39292061026
132,17497,2024-01-17 19:30:00,17005.574,16762.696847576808
133,17673,2024-01-17 20:00:00,17315.756,16937.523995705193
134,17763,2024-01-17 20:30:00,17600.322,17169.056510464474
135,17745,2024-01-17 21:00:00,17809.846,17313.41940069916
136,17667,2024-01-17 21:30:00,17928.004,17451.84496296874
137,17493,2024-01-17 22:00:00,17889.008,17448.3822552918
138,17168,2024-01-17 22:30:00,17689.037,17233.978785147774
139,16677,2024-01-17 23:00:00,17373.209,16883.06647339142
140,16143,2024-01-17 23:30:00,16950.74,16396.230074770374
141,15666,2024-01-18 00:30:00,13978.396,14804.812620205725
142,15172,2024-01-18 01:00:00,13586.427,14660.57396689688
143,14728,2024-01-18 01:30:00,13177.971,14247.566282535481
144,14310,2024-01-18 02:00:00,12850.944,13693.069840568336
145,13989,2024-01-18 02:30:00,12600.5205,13416.15199530312
146,13745,2024-01-18 03:00:00,12396.845,13246.409801598233
147,13547,2024-01-18 03:30:00,12246.284,13138.056314739848
148,13363,2024-01-18 04:00:00,12142.257,13041.593269637377
149,13317,2024-01-18 04:30:00,12075.62,12972.466298080506
150,13392,2024-01-18 05:00:00,12133.636,13020.316999711236
151,13424,2024-01-18 05:30:00,12336.717,13148.05166046391
152,13487,2024-01-18 06:00:00,12474.813,13358.33916623207
153,13883,2024-01-18 06:30:00,12520.191,13481.90771617464
154,14911,2024-01-18 07:00:00,12984.019,14056.550987379587
155,15811,2024-01-18 07:30:00,13863.556,15078.632946143156
156,16690,2024-01-18 08:00:00,14650.56,15788.679196528044
157,17253,2024-01-18 08:30:00,15406.875,16596.715702331905
158,17662,2024-01-18 09:00:00,15887.859,17090.21443487489
159,17971,2024-01-18 09:30:00,16053.152,17343.289574168157
160,18259,2024-01-18 10:00:00,16349.391,17664.47954009221
161,18486,2024-01-18 10:30:00,16749.287,18143.86753876936
162,18606,2024-01-18 11:00:00,17011.803,18472.53898482673
163,18325,2024-01-18 11:30:00,17222.104,18753.374045321507
164,17778,2024-01-18 12:00:00,16958.404,18614.465737554165
165,17646,2024-01-18 12:30:00,16136.373,17859.633464449646
166,17999,2024-01-18 13:00:00,16165.461,17846.618052407764
167,18407,2024-01-18 13:30:00,17025.059,18715.589418639145
168,18576,2024-01-18 14:00:00,17530.68,19442.09898762669
169,18669,2024-01-18 14:30:00,17780.264,19758.012189226647
170,18490,2024-01-18 15:00:00,17845.723,19777.33953772208
171,18388,2024-01-18 15:30:00,17664.98,19569.287662753886
172,18224,2024-01-18 16:00:00,17540.035,19295.513607914778
173,17991,2024-01-18 16:30:00,17474.305,19247.923770300244
174,17396,2024-01-18 17:00:00,17144.455,18919.875080559068
175,16680,2024-01-18 17:30:00,16608.752,18357.49698371972
176,15744,2024-01-18 18:00:00,15879.127,18054.2832102975
177,15525,2024-01-18 18:30:00,14876.452,17183.137410736723
178,15702,2024-01-18 19:00:00,14610.031,16804.38829076683
179,16192,2024-01-18 19:30:00,15069.144,17155.806556840376
180,16330,2024-01-18 20:00:00,15338.277,17282.90655111929
181,16236,2024-01-18 20:30:00,15481.625,17558.59234029588
182,16236,2024-01-18 21:00:00,15606.199,17558.558024902253
183,16155,2024-01-18 21:30:00,15684.194,17656.35413134122
184,15808,2024-01-18 22:00:00,15636.201,17567.974212648904
185,15555,2024-01-18 22:30:00,15471.194,17372.237635622005
186,15034,2024-01-18 23:00:00,15178.251,17130.72285478832
187,14576,2024-01-18 23:30:00,14750.308,16725.102976836028
188,13442,2024-01-19 00:30:00,14155.663,14823.573565731616
189,13062,2024-01-19 01:00:00,13776.918,14403.059999351066
190,12707,2024-01-19 01:30:00,13386.471,13950.269985984994
191,12443,2024-01-19 02:00:00,13057.487,13528.03166364936
192,12243,2024-01-19 02:30:00,12782.133,13227.088017637161
193,12096,2024-01-19 03:00:00,12589.273,12964.730855107395
194,12005,2024-01-19 03:30:00,12482.104,12791.62461039615
195,11944,2024-01-19 04:00:00,12406.001,12706.330503700843
196,11969,2024-01-19 04:30:00,12365.069,12629.00079252907
197,12126,2024-01-19 05:00:00,12373.073,12672.703400910086
198,12230,2024-01-19 05:30:00,12437.3,12887.219493184835
199,12427,2024-01-19 06:00:00,12547.777,13033.536848243575
200,12936,2024-01-19 06:30:00,12679.362,13120.989787444487
201,13852,2024-01-19 07:00:00,13149.05,13648.870014728773
202,14822,2024-01-19 07:30:00,13957.783,14641.121578175835
203,15746,2024-01-19 08:00:00,14757.393,15510.902038531432
204,16335,2024-01-19 08:30:00,15601.976,16305.89232344613
205,16713,2024-01-19 09:00:00,16168.157,16849.98620434705
206,17013,2024-01-19 09:30:00,16422.717,17027.29812992889
207,17377,2024-01-19 10:00:00,16788.434,16960.410162083106
208,17660,2024-01-19 10:30:00,17245.342,17396.033540659046
209,17862,2024-01-19 11:00:00,17484.074,17779.464790127815
210,17653,2024-01-19 11:30:00,17579.19,18015.16142900889
211,17042,2024-01-19 12:00:00,17284.629,17620.317966202143
212,17317,2024-01-19 12:30:00,16514.057,16786.35624291738
213,18085,2024-01-19 13:00:00,16547.49,16933.601995536686
214,18606,2024-01-19 13:30:00,17367.533,17743.08007709417
215,18833,2024-01-19 14:00:00,17896.842,18308.724673625322
216,18934,2024-01-19 14:30:00,18230.373,18537.902435907978
217,18818,2024-01-19 15:00:00,18338.24,18561.694157147904
218,18652,2024-01-19 15:30:00,18169.537,18378.413390897047
219,18502,2024-01-19 16:00:00,18004.762,18245.45102002396
220,18211,2024-01-19 16:30:00,17842.836,18177.01872650446
221,17598,2024-01-19 17:00:00,17440.541,17828.61208581229
222,16833,2024-01-19 17:30:00,16846.057,17323.06455722761
223,15888,2024-01-19 18:00:00,16112.147,17014.281856537003
224,15628,2024-01-19 18:30:00,15163.1875,16118.264336634626
225,16021,2024-01-19 19:00:00,14905.341,15824.382980226876
226,16504,2024-01-19 19:30:00,15340.07,16219.971270731756
227,16951,2024-01-19 20:00:00,15530.329,16519.910375592983
228,17046,2024-01-19 20:30:00,15532.413,16731.0755965454
229,17090,2024-01-19 21:00:00,15574.637,17043.814213032965
230,16982,2024-01-19 21:30:00,15621.396,17110.28387043236
231,16693,2024-01-19 22:00:00,15588.345,16737.72583973127
232,16424,2024-01-19 22:30:00,15487.58,16570.177953522383
233,15933,2024-01-19 23:00:00,15271.184,16230.487163252083
234,15432,2024-01-19 23:30:00,14940.117,15833.661788849651
235,14036,2024-01-20 00:30:00,14992.785,14815.74616687461
236,13628,2024-01-20 01:00:00,14570.819,14330.876341056186
237,13277,2024-01-20 01:30:00,14143.43,13902.537813422865
238,13018,2024-01-20 02:00:00,13749.812,13565.133110556932
239,12833,2024-01-20 02:30:00,13379.843,13291.706988162128
240,12700,2024-01-20 03:00:00,13119.092,13074.310189508209
241,12617,2024-01-20 03:30:00,12968.317,12942.030971432505
242,12567,2024-01-20 04:00:00,12824.092,12799.774080960362
243,12567,2024-01-20 04:30:00,12693.8955,12756.9060163589
244,12629,2024-01-20 05:00:00,12585.313,12771.599436549584
245,12712,2024-01-20 05:30:00,12502.782,12824.35079018287
246,13083,2024-01-20 06:00:00,12425.9,12935.349030035124
247,13665,2024-01-20 06:30:00,12337.342,13087.878955201024
248,14679,2024-01-20 07:00:00,12475.338,13640.949600929414
249,15606,2024-01-20 07:30:00,12835.99,14532.561922177383
250,16408,2024-01-20 08:00:00,13211.024,15335.764173076419
251,16905,2024-01-20 08:30:00,13625.32,16221.582886278347
252,17282,2024-01-20 09:00:00,13964.003,16789.318374614304
253,17565,2024-01-20 09:30:00,14223.329,17032.198312558707
254,17729,2024-01-20 10:00:00,14456.094,17531.057366883477
255,17997,2024-01-20 10:30:00,14645.522,17989.81709778739
256,18286,2024-01-20 11:00:00,14849.156,18373.932553697
257,18146,2024-01-20 11:30:00,15086.826,18533.729897999874
258,17483,2024-01-20 12:00:00,15125.899,18439.88716609562
259,17549,2024-01-20 12:30:00,14955.626,17625.86322042197
260,18255,2024-01-20 13:00:00,14928.734,17472.926433939538
261,18770,2024-01-20 13:30:00,15033.25,18331.99594818709
262,18892,2024-01-20 14:00:00,15051.121,18839.427536122137
263,18901,2024-01-20 14:30:00,15001.6875,19130.918704865653
264,18718,2024-01-20 15:00:00,14934.758,19223.26605164235
265,18513,2024-01-20 15:30:00,14844.849,19048.2217765378
266,18282,2024-01-20 16:00:00,14746.402,18758.6753945416
267,17970,2024-01-20 16:30:00,14629.783,18563.39353409553
268,17500,2024-01-20 17:00:00,14604.747,18234.180828395736
269,16925,2024-01-20 17:30:00,14680.068,17655.60039809681
270,16176,2024-01-20 18:00:00,14684.717,17278.578813031243
271,16053,2024-01-20 18:30:00,14598.255,16334.983149197004
272,16545,2024-01-20 19:00:00,14744.616,15872.955636576417
273,16878,2024-01-20 19:30:00,15141.379,16296.578844714715
274,17109,2024-01-20 20:00:00,15360.437,16433.391791250164
275,17156,2024-01-20 20:30:00,15431.495,16444.38839076563
276,17094,2024-01-20 21:00:00,15317.24,16160.5003587061
277,17039,2024-01-20 21:30:00,14993.862,16221.343394257397
278,16825,2024-01-20 22:00:00,14707.216,16228.272517071577
279,16522,2024-01-20 22:30:00,14438.833,16123.397566222133
280,16101,2024-01-20 23:00:00,14183.115,15894.530376663186
281,15641,2024-01-20 23:30:00,13958.359,15545.594381514178
282,13931,2024-01-21 00:30:00,12391.852,14490.902543027003
283,13527,2024-01-21 01:00:00,12083.165,14070.823535883193
284,13141,2024-01-21 01:30:00,11771.064,13662.256592418467
285,12839,2024-01-21 02:00:00,11479.527,13270.285751914445
286,12567,2024-01-21 02:30:00,11204.141,12914.200280968285
287,12415,2024-01-21 03:00:00,10985.068,12616.006999874337
288,12290,2024-01-21 03:30:00,10815.688,12445.095422880378
289,12232,2024-01-21 04:00:00,10691.676,12278.132353600255
290,12142,2024-01-21 04:30:00,10628.749,12142.35083293433
291,12149,2024-01-21 05:00:00,10452.774,12031.476365237413
292,11854,2024-01-21 05:30:00,10169.321,11949.199548081428
293,12009,2024-01-21 06:00:00,9951.14,11885.015410512442
294,12226,2024-01-21 06:30:00,9770.532,11779.162277949732
295,12704,2024-01-21 07:00:00,9779.847,11885.81208563014
296,13048,2024-01-21 07:30:00,9986.412,12246.383806077365
297,13351,2024-01-21 08:00:00,10191.31,12659.846139920806
298,13612,2024-01-21 08:30:00,10409.774,13069.099648153384
299,13826,2024-01-21 09:00:00,10644.899,13434.350812099929
300,14009,2024-01-21 09:30:00,10887.033,13694.913885308282
301,14152,2024-01-21 10:00:00,11161.34,13995.516179038028
302,14330,2024-01-21 10:30:00,11464.332,14197.583639166181
303,14456,2024-01-21 11:00:00,11741.1,14530.447257610485
304,14568,2024-01-21 11:30:00,12011.031,14758.75521549976
305,14483,2024-01-21 12:00:00,12105.01,14844.9690382946
306,14374,2024-01-21 12:30:00,12011.234,14652.561943944698
307,14315,2024-01-21 13:00:00,12014.604,14653.472912742332
308,14237,2024-01-21 13:30:00,12101.616,14752.4572538262
309,14159,2024-01-21 14:00:00,12159.873,14771.404958124655
310,14027,2024-01-21 14:30:00,12205.021,14723.436712440116
311,13943,2024-01-21 15:00:00,12237.748,14777.793528755852
312,13861,2024-01-21 15:30:00,12252.922,14714.893969791172
313,13864,2024-01-21 16:00:00,12306.358,14494.724390691965
314,13938,2024-01-21 16:30:00,12393.961,14399.224880098594
315,14059,2024-01-21 17:00:00,12516.245,14544.76125180055
316,14247,2024-01-21 17:30:00,12685.42,14609.235956742163
317,14332,2024-01-21 18:00:00,12827.815,14509.365858377923
318,14440,2024-01-21 18:30:00,12922.279,14459.99013216595
319,14510,2024-01-21 19:00:00,13226.454,14581.751046181453
320,15072,2024-01-21 19:30:00,13748.168,14987.608251671545
321,15219,2024-01-21 20:00:00,14090.175,15065.66903876474
322,14994,2024-01-21 20:30:00,14280.143,15110.526391719111
323,14661,2024-01-21 21:00:00,14329.57,14835.883897378913
324,14312,2024-01-21 21:30:00,14217.337,14480.644966135647
325,13935,2024-01-21 22:00:00,14084.91,14072.859063711589
326,13692,2024-01-21 22:30:00,13919.823,13799.757693821679
327,13370,2024-01-21 23:00:00,13713.873,13703.015464634598
328,12929,2024-01-21 23:30:00,13499.049,13457.676416765387
329,12650,2024-01-22 00:30:00,11797.952,12331.269258603177
330,12298,2024-01-22 01:00:00,11519.056,12069.159867664046
331,12002,2024-01-22 01:30:00,11228.623,11708.667964040193
332,11725,2024-01-22 02:00:00,10997.293,11411.6564633449
333,11486,2024-01-22 02:30:00,10819.701,11137.409741859385
334,11254,2024-01-22 03:00:00,10702.414,10869.021260266487
335,11110,2024-01-22 03:30:00,10648.585,10698.341568289336
336,10992,2024-01-22 04:00:00,10635.184,10597.537256565654
337,10839,2024-01-22 04:30:00,10661.304,10524.101839655601
338,10643,2024-01-22 05:00:00,10751.674,10349.110757345785
339,10391,2024-01-22 05:30:00,10922.177,10054.51551566125
340,10287,2024-01-22 06:00:00,11071.113,9808.140776747727
341,10444,2024-01-22 06:30:00,11167.061,9632.151037919492
342,10782,2024-01-22 07:00:00,11656.505,9690.495024625576
343,11015,2024-01-22 07:30:00,12548.839,9958.193506989202
344,11205,2024-01-22 08:00:00,13317.145,10182.107514349977
345,11402,2024-01-22 08:30:00,14009.177,10406.26189173775
346,11549,2024-01-22 09:00:00,14519.658,10621.178051779294
347,11775,2024-01-22 09:30:00,14814.228,10868.584534543232
348,12084,2024-01-22 10:00:00,15157.018,11000.679291138711
349,12406,2024-01-22 10:30:00,15528.193,11325.205802470178
350,12640,2024-01-22 11:00:00,15798.757,11622.982074920426
351,12753,2024-01-22 11:30:00,16035.259,11912.722162150909
352,12825,2024-01-22 12:00:00,15857.364,12122.68526296867
353,12875,2024-01-22 12:30:00,15195.114,12048.86418149563
354,12917,2024-01-22 13:00:00,15254.34,11961.077569879597
355,12931,2024-01-22 13:30:00,16018.078,11989.920313143712
356,12946,2024-01-22 14:00:00,16480.81,12154.769796832312
357,12987,2024-01-22 14:30:00,16727.07,12189.668634742631
358,12996,2024-01-22 15:00:00,16825.914,12045.01442108267
359,13029,2024-01-22 15:30:00,16733.512,12068.871231075522
360,13045,2024-01-22 16:00:00,16697.494,12165.880457949466
361,13106,2024-01-22 16:30:00,16761.79,12261.519756613336
362,13266,2024-01-22 17:00:00,16563.092,12388.702250539944
363,13367,2024-01-22 17:30:00,16051.188,12579.531869247414
364,13428,2024-01-22 18:00:00,15386.544,13027.676934128745
365,13572,2024-01-22 18:30:00,14528.963,13174.684735964329
366,13880,2024-01-22 19:00:00,14337.882,13491.896912555996
367,14211,2024-01-22 19:30:00,14820.332,14011.798288394717
368,14527,2024-01-22 20:00:00,15107.08,14233.315660344462
369,14556,2024-01-22 20:30:00,15259.544,14438.508651843435
370,14460,2024-01-22 21:00:00,15343.043,14625.863409100806
371,14343,2024-01-22 21:30:00,15335.901,14505.329824236234
372,14168,2024-01-22 22:00:00,15156.049,14262.569627115578
373,13933,2024-01-22 22:30:00,14809.894,14111.06097952376
374,13604,2024-01-22 23:00:00,14367.64,13938.202428982842
375,13277,2024-01-22 23:30:00,13816.062,13700.600762437269
376,11607,2024-01-23 00:30:00,12764.595,12596.138239815948
377,11338,2024-01-23 01:00:00,12419.472,12164.57247744379
378,11135,2024-01-23 01:30:00,12061.329,11857.375361329885
379,11002,2024-01-23 02:00:00,11770.275,11574.900020442186
380,10873,2024-01-23 02:30:00,11538.526,11367.48103980452
381,10799,2024-01-23 03:00:00,11383.041,11248.05125626343
382,10731,2024-01-23 03:30:00,11309.744,11177.455977270018
383,10779,2024-01-23 04:00:00,11254.89,11179.612080473238
384,10857,2024-01-23 04:30:00,11218.21,11206.733586092714
385,11084,2024-01-23 05:00:00,11264.845,11395.445285920205
386,11262,2024-01-23 05:30:00,11404.251,11596.578383011954
387,11673,2024-01-23 06:00:00,11554.062,11708.25721199769
388,12319,2024-01-23 06:30:00,11687.228,11839.024385109165
389,13214,2024-01-23 07:00:00,12181.22,12464.80756396447
390,14109,2024-01-23 07:30:00,13045.3545,13503.009176722995
391,14870,2024-01-23 08:00:00,13785.118,14161.45336161775
392,15337,2024-01-23 08:30:00,14451.022,14894.435832571507
393,15592,2024-01-23 09:00:00,14882.777,15392.70858751103
394,15858,2024-01-23 09:30:00,15041.364,15676.61615319146
395,16109,2024-01-23 10:00:00,15317.504,15866.962467350726
396,16317,2024-01-23 10:30:00,15690.061,16202.154234855312
397,16529,2024-01-23 11:00:00,15957.731,16607.887093459103
398,16372,2024-01-23 11:30:00,16181.285,16883.41774534733
399,15744,2024-01-23 12:00:00,16082.183,16526.35145045261
400,15729,2024-01-23 12:30:00,15603.065,15858.002032209726
401,16323,2024-01-23 13:00:00,15668.439,15987.988353314018
402,16872,2024-01-23 13:30:00,16261.769,16704.395319657036
403,17109,2024-01-23 14:00:00,16641.268,17207.83126242403
404,17309,2024-01-23 14:30:00,16876.021,17508.896835580723
405,17380,2024-01-23 15:00:00,16945.393,17578.07160957638
406,17339,2024-01-23 15:30:00,16805.162,17467.08151691428
407,17244,2024-01-23 16:00:00,16735.287,17383.959487111773
408,17059,2024-01-23 16:30:00,16742.527,17432.61229221181
409,16578,2024-01-23 17:00:00,16476.412,17268.827504591995
410,15976,2024-01-23 17:30:00,15988.303,16744.12122378361
411,15196,2024-01-23 18:00:00,15367.666,16247.52454601364
412,15107,2024-01-23 18:30:00,14521.531,15351.31682674454
413,15509,2024-01-23 19:00:00,14417.199,15100.407379003504
414,16026,2024-01-23 19:30:00,15051.797,15567.771185010593
415,16305,2024-01-23 20:00:00,15296.155,15976.051028083144
416,16350,2024-01-23 20:30:00,15260.823,16139.443320021017
417,16323,2024-01-23 21:00:00,15248.725,16124.67641712322
418,16165,2024-01-23 21:30:00,15194.21,16118.505088510787
419,15846,2024-01-23 22:00:00,15092.647,15910.081646754696
420,15521,2024-01-23 22:30:00,14946.778,15534.696592373804
421,14979,2024-01-23 23:00:00,14590.217,15105.968594472592
422,14450,2024-01-23 23:30:00,14036.695,14537.65787395655
423,12819,2024-01-24 00:30:00,12277.356,13243.884603214361
424,12419,2024-01-24 01:00:00,11940.5625,12866.958293691156
425,12110,2024-01-24 01:30:00,11589.875,12467.928408121905
426,11853,2024-01-24 02:00:00,11310.183,12132.43963133754
427,11669,2024-01-24 02:30:00,11094.742,11861.41763349451
428,11535,2024-01-24 03:00:00,10950.02,11701.369490353023
429,11472,2024-01-24 03:30:00,10877.553,11611.701166356312
430,11460,2024-01-24 04:00:00,10854.273,11673.86000130534
431,11515,2024-01-24 04:30:00,10886.112,11638.079307325768
432,11629,2024-01-24 05:00:00,10927.378,11542.876755984587
433,11765,2024-01-24 05:30:00,10986.772,11683.81439745643
434,11939,2024-01-24 06:00:00,11091.915,11866.914048524977
435,12440,2024-01-24 06:30:00,11213.276,12038.751277315267
436,13310,2024-01-24 07:00:00,11659.146,12661.922635359962
437,14169,2024-01-24 07:30:00,12437.59,13659.339544640765
438,14877,2024-01-24 08:00:00,13148.74,14332.776681819993
439,15393,2024-01-24 08:30:00,13840.397,15014.112159389648
440,15601,2024-01-24 09:00:00,14296.887,15455.470577249653
441,15913,2024-01-24 09:30:00,14485.78,15611.606191038754
442,16299,2024-01-24 10:00:00,14768.531,15848.318874366396
443,16566,2024-01-24 10:30:00,15122.077,16221.300300505496
444,16786,2024-01-24 11:00:00,15353.541,16395.831304935193
445,16622,2024-01-24 11:30:00,15529.209,16612.70219614928
446,16065,2024-01-24 12:00:00,15316.291,16705.9290565978
447,16084,2024-01-24 12:30:00,14655.4795,16257.84076146374
448,16655,2024-01-24 13:00:00,14604.737,16248.767505607455
449,17079,2024-01-24 13:30:00,15135.695,16827.06925044825
450,17336,2024-01-24 14:00:00,15495.88,17279.19528342816
451,17429,2024-01-24 14:30:00,15761.294,17515.707059736156
452,17331,2024-01-24 15:00:00,15856.613,17494.308376682686
453,17276,2024-01-24 15:30:00,15751.284,17349.321383000333
454,17260,2024-01-24 16:00:00,15668.048,17331.545033703667
455,16980,2024-01-24 16:30:00,15613.192,17332.712294446457
456,16471,2024-01-24 17:00:00,15415.103,17144.92367552895
457,15885,2024-01-24 17:30:00,15084.935,16670.836399220294
458,15126,2024-01-24 18:00:00,14556.3,16061.799938383243
459,14901,2024-01-24 18:30:00,13777.52,15184.014820745204
460,15394,2024-01-24 19:00:00,13637.781,15130.319040152503
461,15656,2024-01-24 19:30:00,14137.926,15783.688933647607
462,15762,2024-01-24 20:00:00,14386.243,16030.278387115646
463,15795,2024-01-24 20:30:00,14438.505,15976.017989228372
464,15773,2024-01-24 21:00:00,14472.646,15820.939905474796
465,15635,2024-01-24 21:30:00,14466.166,15786.534410109767
466,15451,2024-01-24 22:00:00,14372.919,15631.792923396015
467,15063,2024-01-24 22:30:00,14192.308,15449.752128784661
468,14518,2024-01-24 23:00:00,13813.482,15081.27222233763
469,13943,2024-01-24 23:30:00,13237.793,14495.78254657014
470,12115,2024-01-25 00:30:00,12480.46,13067.93309031088
471,11776,2024-01-25 00:30:00,12480.46,12606.387912265667
472,11493,2024-01-25 00:30:00,12480.46,12253.161204856098
473,11246,2024-01-25 01:00:00,12075.784,11992.541544257594
474,11085,2024-01-25 01:00:00,12075.784,11761.2872587364
475,10989,2024-01-25 01:00:00,12075.784,11530.568938616409
476,10959,2024-01-25 01:30:00,11648.407,11400.486344347219
477,11012,2024-01-25 01:30:00,11648.407,11380.27299707891
478,11066,2024-01-25 01:30:00,11648.407,11401.417499561261
479,11277,2024-01-25 02:00:00,11331.717,11397.746617081393
480,11431,2024-01-25 02:00:00,11331.717,11463.254812056646
481,11742,2024-01-25 02:00:00,11331.717,11690.5918305228
482,12233,2024-01-25 02:30:00,11119.842,11823.014483618063
483,13177,2024-01-25 02:30:00,11119.842,12294.016214330597
484,13891,2024-01-25 02:30:00,11119.842,13122.094302243459
485,14479,2024-01-25 03:00:00,10954.306,13824.927618526322
486,14823,2024-01-25 03:00:00,10954.306,14536.376855848688
487,15024,2024-01-25 03:00:00,10954.306,15039.059798718954
488,15347,2024-01-25 03:30:00,10844.202,15211.205186344974
489,15747,2024-01-25 03:30:00,10844.202,15351.08837317457
490,16091,2024-01-25 03:30:00,10844.202,15712.853443644151
491,16338,2024-01-25 04:00:00,10785.085,16148.165774468562
492,16186,2024-01-25 04:00:00,10785.085,16326.355566555289
493,15572,2024-01-25 04:00:00,10785.085,16004.499113629565
494,15523,2024-01-25 04:30:00,10766.277,15316.67207363627
495,15965,2024-01-25 04:30:00,10766.277,15326.515330033635
496,16290,2024-01-25 04:30:00,10766.277,15896.624962072132
497,16463,2024-01-25 05:00:00,10888.034,16310.390395569224
498,16540,2024-01-25 05:00:00,10888.034,16590.477401721102
499,16505,2024-01-25 05:00:00,10888.034,16683.794772072237
500,16513,2024-01-25 05:30:00,11164.308,16595.280865537326
501,16501,2024-01-25 05:30:00,11164.308,16514.743669727035
502,16362,2024-01-25 05:30:00,11164.308,16472.94939378784
503,16034,2024-01-25 06:00:00,11405.01,16254.020422542688
504,15512,2024-01-25 06:00:00,11405.01,15877.514381949275
505,14866,2024-01-25 06:00:00,11405.01,15333.73818533728
506,14801,2024-01-25 06:30:00,11596.703,14529.63754328328
507,15099,2024-01-25 06:30:00,11596.703,14431.100932870078
508,15579,2024-01-25 06:30:00,11596.703,14937.344731857225
509,15677,2024-01-25 07:00:00,12058.85,15141.888008101947
510,15441,2024-01-25 07:00:00,12058.85,15211.476947143494
511,15322,2024-01-25 07:00:00,12058.85,15359.261833294559
512,15135,2024-01-25 07:30:00,12786.809,15423.383542246063
513,14733,2024-01-25 07:30:00,12786.809,15227.147164486809
514,14254,2024-01-25 07:30:00,12786.809,15049.909265865363
515,13738,2024-01-25 08:00:00,13464.595,14486.740150268211
516,13249,2024-01-25 08:00:00,13464.595,13931.692429141185
517,12167,2024-01-25 08:00:00,13464.595,12946.982271671368
518,12167,2024-01-25 08:30:00,14134.934,12960.47958418802
519,12167,2024-01-25 08:30:00,14134.934,12960.47958418802
520,11831,2024-01-25 08:30:00,14134.934,12457.294640977301
521,11831,2024-01-25 09:00:00,14586.537,12463.412261187968
522,11831,2024-01-25 09:00:00,14586.537,12463.412261187968
523,11539,2024-01-25 09:00:00,14586.537,12048.252163145236
524,11539,2024-01-25 09:30:00,14792.22,12051.630405042348
525,11539,2024-01-25 09:30:00,14792.22,12051.630405042348
526,11310,2024-01-25 09:30:00,14792.22,11725.067022007983
527,11310,2024-01-25 10:00:00,15082.621,11510.538008534872
528,11310,2024-01-25 10:00:00,15082.621,11510.538008534872
529,11160,2024-01-25 10:00:00,15082.621,11292.342455779637
530,11160,2024-01-25 10:30:00,15431.8125,11279.077095050512
531,11160,2024-01-25 10:30:00,15431.8125,11279.077095050512
532,11035,2024-01-25 10:30:00,15431.8125,11133.861422494929
533,11035,2024-01-25 11:00:00,15679.039,11067.281302904823
534,11035,2024-01-25 11:00:00,15679.039,11067.281302904823
535,11003,2024-01-25 11:00:00,15679.039,10960.077180403325
536,11003,2024-01-25 11:30:00,15903.949,10960.976597585315
537,11003,2024-01-25 11:30:00,15903.949,10960.976597585315
538,11020,2024-01-25 11:30:00,15903.949,10950.31011905695
539,11020,2024-01-25 12:00:00,15630.083,11000.258537966583
540,11020,2024-01-25 12:00:00,15630.083,11000.258537966583
541,11068,2024-01-25 12:00:00,15630.083,10974.933395620086
542,11068,2024-01-25 12:30:00,14776.874,11031.452239141368
543,11068,2024-01-25 12:30:00,14776.874,11031.452239141368
544,11222,2024-01-25 12:30:00,14776.874,11097.923513317784
545,11222,2024-01-25 13:00:00,14733.909,11100.590119098828
546,11222,2024-01-25 13:00:00,14733.909,11100.590119098828
547,11496,2024-01-25 13:00:00,14733.909,11387.409121315888
548,11496,2024-01-25 13:30:00,15464.146,11333.78328186649
549,11496,2024-01-25 13:30:00,15464.146,11333.78328186649
550,11802,2024-01-25 13:30:00,15464.146,11675.845797459515
551,11802,2024-01-25 14:00:00,15784.014,11627.26904916646
552,11802,2024-01-25 14:00:00,15784.014,11627.26904916646
553,12352,2024-01-25 14:00:00,15784.014,11829.322110307503
554,12352,2024-01-25 14:30:00,15825.978,11812.526239475475
555,12352,2024-01-25 14:30:00,15825.978,11812.526239475475
556,13196,2024-01-25 14:30:00,15825.978,12229.008455291987
557,13196,2024-01-25 15:00:00,15837.976,12282.24201797639
558,13196,2024-01-25 15:00:00,15837.976,12282.24201797639
559,13973,2024-01-25 15:00:00,15837.976,13037.450923659042
560,13973,2024-01-25 15:30:00,15738.32,13039.377762206252
561,13973,2024-01-25 15:30:00,15738.32,13039.377762206252
562,14613,2024-01-25 15:30:00,15738.32,13694.59680907369
563,14613,2024-01-25 16:00:00,15663.766,13697.012569520877
564,14613,2024-01-25 16:00:00,15663.766,13697.012569520877
565,15080,2024-01-25 16:00:00,15663.766,14383.251677590932
566,15080,2024-01-25 16:30:00,15622.091,14381.176981880548
567,15080,2024-01-25 16:30:00,15622.091,14381.176981880548
568,15222,2024-01-25 16:30:00,15622.091,14812.833815501428
569,15222,2024-01-25 17:00:00,15396.866,14786.574488494363
570,15222,2024-01-25 17:00:00,15396.866,14786.574488494363
571,15553,2024-01-25 17:00:00,15396.866,14989.906398271705
572,15553,2024-01-25 17:30:00,15036.382,15039.98992333086
573,15553,2024-01-25 17:30:00,15036.382,15039.98992333086
574,15824,2024-01-25 17:30:00,15036.382,15404.873914408614
575,15824,2024-01-25 18:00:00,14480.637,15546.401368309489
576,15824,2024-01-25 18:00:00,14480.637,15546.401368309489
577,16168,2024-01-25 18:00:00,14480.637,15904.163856069223
578,16168,2024-01-25 18:30:00,13653.878,15894.331122734116
579,16168,2024-01-25 18:30:00,13653.878,15894.331122734116
580,16429,2024-01-25 18:30:00,13653.878,16369.895940507986
581,16429,2024-01-25 19:00:00,13532.014,16346.124397040383
582,16429,2024-01-25 19:00:00,13532.014,16346.124397040383
583,16193,2024-01-25 19:00:00,13532.014,16577.801380881545
584,16193,2024-01-25 19:30:00,14108.656,16569.08924163202
585,16193,2024-01-25 19:30:00,14108.656,16569.08924163202
586,15415,2024-01-25 19:30:00,14108.656,16101.987504515198
587,15415,2024-01-25 20:00:00,14389.247,16133.00008813168
588,15415,2024-01-25 20:00:00,14389.247,16133.00008813168
589,15314,2024-01-25 20:00:00,14389.247,15262.513133415405
590,15314,2024-01-25 20:30:00,14451.651,15282.07309576863
591,15314,2024-01-25 20:30:00,14451.651,15282.07309576863
592,15879,2024-01-25 20:30:00,14451.651,15322.595374962633
593,15879,2024-01-25 21:00:00,14506.459,15337.77508702286
594,15879,2024-01-25 21:00:00,14506.459,15337.77508702286
595,16352,2024-01-25 21:00:00,14506.459,16071.392577047616
596,16352,2024-01-25 21:30:00,14518.2295,16071.75913055707
597,16352,2024-01-25 21:30:00,14518.2295,16071.75913055707
598,16714,2024-01-25 21:30:00,14518.2295,16500.473171422505
599,16714,2024-01-25 22:00:00,14400.554,16484.803674388662
600,16714,2024-01-25 22:00:00,14400.554,16484.803674388662
601,16810,2024-01-25 22:00:00,14400.554,16551.45015295784
602,16810,2024-01-25 22:30:00,14149.674,16554.54117584359
603,16810,2024-01-25 22:30:00,14149.674,16554.54117584359
604,16733,2024-01-25 22:30:00,14149.674,16344.042460590546
605,16733,2024-01-25 23:00:00,13815.721,16405.30435926563
606,16733,2024-01-25 23:00:00,13815.721,16405.30435926563
607,16648,2024-01-25 23:00:00,13815.721,16293.814139138845
608,16648,2024-01-25 23:30:00,13399.046,16291.453157846543
609,16648,2024-01-25 23:30:00,13399.046,16291.453157846543
610,16602,2024-01-25 23:30:00,13399.046,16229.69315536752
611,16602,2024-01-26 00:30:00,12207.838,16257.563707053227
612,16602,2024-01-26 00:30:00,12207.838,16257.563707053227
613,16421,2024-01-26 01:00:00,11825.457,16189.594159158289
614,16421,2024-01-26 01:00:00,11825.457,16189.594159158289
615,16421,2024-01-26 01:30:00,11424.493,16146.136015152506
616,16096,2024-01-26 01:30:00,11424.493,16077.176135460757
617,16096,2024-01-26 02:00:00,11116.267,16070.487236154098
618,16096,2024-01-26 02:00:00,11116.267,16070.487236154098
619,15594,2024-01-26 02:30:00,10892.926,15696.107953355922
620,15594,2024-01-26 02:30:00,10892.926,15696.107953355922
621,15594,2024-01-26 03:00:00,10737.809,15680.856134081116
622,14851,2024-01-26 03:00:00,10737.809,15223.87224889541
623,14851,2024-01-26 03:30:00,10656.671,15222.041079351773
624,14851,2024-01-26 03:30:00,10656.671,15222.041079351773
625,14685,2024-01-26 04:00:00,10610.459,14372.25973354739
626,14685,2024-01-26 04:00:00,10610.459,14372.25973354739
627,14685,2024-01-26 04:30:00,10602.174,14371.300394519032
628,15118,2024-01-26 04:30:00,10602.174,14292.867988958813
629,15118,2024-01-26 05:00:00,10639.258,14307.896626548512
630,15118,2024-01-26 05:00:00,10639.258,14307.896626548512
631,15396,2024-01-26 05:30:00,10725.13,14899.329296186557
632,15396,2024-01-26 05:30:00,10725.13,14899.329296186557
633,15396,2024-01-26 06:00:00,10882.543,14928.571046374665
634,15500,2024-01-26 06:00:00,10882.543,14975.863977534289
635,15500,2024-01-26 06:30:00,11088.799,14996.971257725956
636,15500,2024-01-26 06:30:00,11088.799,14996.971257725956
637,15500,2024-01-26 07:00:00,11571.161,15066.307190546817
638,15500,2024-01-26 07:00:00,11571.161,15066.307190546817
639,15500,2024-01-26 07:30:00,12341.142,15138.154022542232
640,15399,2024-01-26 07:30:00,12341.142,15122.08679876971
641,15399,2024-01-26 08:00:00,13022.202,14944.87712320032
642,15399,2024-01-26 08:00:00,13022.202,14944.87712320032
643,15215,2024-01-26 08:30:00,13655.452,14970.60348567095
644,15215,2024-01-26 08:30:00,13655.452,14970.60348567095
645,15215,2024-01-26 09:00:00,14067.908,14969.088632615432
646,14871,2024-01-26 09:00:00,14067.908,15017.575069088449
647,14871,2024-01-26 09:30:00,14227.284,15017.455595867787
648,14871,2024-01-26 09:30:00,14227.284,15017.455595867787
649,14448,2024-01-26 10:00:00,14489.496,14656.083610191512
650,14448,2024-01-26 10:00:00,14489.496,14656.083610191512
651,14448,2024-01-26 10:30:00,14829.094,14646.612328453431
652,13887,2024-01-26 10:30:00,14829.094,14303.403092775565
653,13887,2024-01-26 11:00:00,15087.949,14286.77146669301
654,13887,2024-01-26 11:00:00,15087.949,14286.77146669301
655,13341,2024-01-26 11:30:00,15340.264,13866.077640887894
656,13341,2024-01-26 11:30:00,15340.264,13866.077640887894
657,13341,2024-01-26 12:00:00,15148.563,13866.027190553863
658,11864,2024-01-26 12:00:00,15148.563,12399.016862721111
659,11864,2024-01-26 12:30:00,14447.647,12429.80108721215
660,11529,2024-01-26 12:30:00,14447.647,12089.755203702958
661,11529,2024-01-26 13:00:00,14444.033,12095.006557028759
662,11286,2024-01-26 13:00:00,14444.033,11698.862165547474
663,11286,2024-01-26 13:30:00,15112.802,11652.378694477737
664,11055,2024-01-26 13:30:00,15112.802,11286.654028728806
665,11055,2024-01-26 14:00:00,15521.231,11306.054633259173
666,10920,2024-01-26 14:00:00,15521.231,11076.159087888209
667,10920,2024-01-26 14:30:00,15745.451,11064.995747723893
668,10804,2024-01-26 14:30:00,15745.451,10917.026666261198
669,10804,2024-01-26 15:00:00,15858.218,10887.54075776534
670,10737,2024-01-26 15:00:00,15858.218,10799.57084699027
671,10737,2024-01-26 15:30:00,15820.765,10799.267630667977
672,10786,2024-01-26 15:30:00,15820.765,10779.747124111525
673,10786,2024-01-26 16:00:00,15741.246,10805.086688745798
674,10811,2024-01-26 16:00:00,15741.246,10797.75547432757
675,10811,2024-01-26 16:30:00,15622.8955,10799.100902025839
676,11061,2024-01-26 16:30:00,15622.8955,10907.043919649052
677,11061,2024-01-26 17:00:00,15348.476,10886.110580564904
678,11245,2024-01-26 17:00:00,15348.476,10983.409058300784
679,11245,2024-01-26 17:30:00,14949.522,11018.026491518176
680,11513,2024-01-26 17:30:00,14949.522,11120.036974697803
681,11513,2024-01-26 18:00:00,14447.39,11244.693914185766
682,11994,2024-01-26 18:00:00,14447.39,11454.457088176976
683,11994,2024-01-26 18:30:00,13775.257,11506.305974266415
684,12856,2024-01-26 18:30:00,13775.257,11999.500675935815
685,12856,2024-01-26 19:00:00,13695.536,12011.610424825301
686,13547,2024-01-26 19:00:00,13695.536,12804.014566116026
687,13547,2024-01-26 19:30:00,14228.753,12759.702671115097
688,14136,2024-01-26 19:30:00,14228.753,13422.199594386264
689,14136,2024-01-26 20:00:00,14392.614,13380.29572950903
690,14447,2024-01-26 20:00:00,14392.614,14030.115593106208
691,14447,2024-01-26 20:30:00,14231.428,14041.40917022306
692,14627,2024-01-26 20:30:00,14231.428,14454.26450705989
693,14627,2024-01-26 21:00:00,14145.445,14414.228456397612
694,14892,2024-01-26 21:00:00,14145.445,14583.796900199128
695,14892,2024-01-26 21:30:00,14092.659,14583.30739215467
696,15181,2024-01-26 21:30:00,14092.659,14896.910318977012
697,15181,2024-01-26 22:00:00,13942.591,14883.919028083947
698,15403,2024-01-26 22:00:00,13942.591,15224.225047172135
699,15403,2024-01-26 22:30:00,13717.583,15226.579422334786
700,15653,2024-01-26 22:30:00,13717.583,15535.60662100978
701,15653,2024-01-26 23:00:00,13399.385,15533.577631769247
702,15482,2024-01-26 23:00:00,13399.385,15781.093682703857
703,15482,2024-01-26 23:30:00,12975.273,15791.881012233704
704,14846,2024-01-26 23:30:00,12975.273,15656.17359851474
705,14846,2024-01-27 00:30:00,12297.339,15392.586192779456
706,14817,2024-01-27 00:30:00,12297.339,14672.480736891086
707,14817,2024-01-27 01:00:00,11991.657,14667.712432359804
708,15368,2024-01-27 01:00:00,11991.657,14702.603288529317
709,15368,2024-01-27 01:30:00,11677.705,14698.881013218519
710,15805,2024-01-27 01:30:00,11677.705,15380.737598268295
711,15805,2024-01-27 02:00:00,11407.156,15373.223817138798
712,16036,2024-01-27 02:00:00,11407.156,15621.299262025288
713,16036,2024-01-27 02:30:00,11174.512,15616.005456164503
714,16108,2024-01-27 02:30:00,11174.512,15833.77089429095
715,16108,2024-01-27 03:00:00,10999.928,15828.045541000174
716,16050,2024-01-27 03:00:00,10999.928,16055.41105681494
717,16050,2024-01-27 03:30:00,10886.099,16052.238882959415
718,16011,2024-01-27 03:30:00,10886.099,16010.948557329137
719,16011,2024-01-27 04:00:00,10792.752,16009.670857508463
720,15888,2024-01-27 04:00:00,10792.752,15859.792281393817
721,15888,2024-01-27 04:30:00,10720.922,15860.713327070262
722,15709,2024-01-27 04:30:00,10720.922,15738.20923534307
723,15709,2024-01-27 05:00:00,10696.729,15724.879745651917
724,15335,2024-01-27 05:00:00,10696.729,15593.133861813782
725,15335,2024-01-27 05:30:00,10729.97,15593.4819682454
726,14876,2024-01-27 05:30:00,10729.97,15197.385511772896
727,14876,2024-01-27 06:00:00,10694.187,15194.523041197604
728,14246,2024-01-27 06:00:00,10694.187,14541.900431270758
729,14246,2024-01-27 06:30:00,10569.811,14541.234960498718
730,14194,2024-01-27 06:30:00,10569.811,13865.314368597246
731,14194,2024-01-27 07:00:00,10697.773,13863.275650323474
732,14504,2024-01-27 07:00:00,10697.773,13802.5174208653
733,14504,2024-01-27 07:30:00,11072.559,13817.536581259756
734,14922,2024-01-27 07:30:00,11072.559,14356.617654636673
735,14922,2024-01-27 08:00:00,11420.699,14366.803963774937
736,14914,2024-01-27 08:00:00,11420.699,14446.002108403345
737,14914,2024-01-27 08:30:00,11770.715,14442.322121628598
738,14764,2024-01-27 08:30:00,11770.715,14282.004452188981
739,14764,2024-01-27 09:00:00,12048.235,14276.367617719288
740,14681,2024-01-27 09:00:00,12048.235,14333.23133630185
741,14681,2024-01-27 09:30:00,12244.895,14338.223175816913
742,14517,2024-01-27 09:30:00,12244.895,14283.428760140903
743,14517,2024-01-27 10:00:00,12416.639,14300.941456759005
744,14133,2024-01-27 10:00:00,12416.639,14008.633351662802
745,14133,2024-01-27 10:30:00,12549.919,14003.199690285772
746,13755,2024-01-27 10:30:00,12549.919,13773.980660760411
747,13755,2024-01-27 11:00:00,12670.745,13808.023471068276
748,13225,2024-01-27 11:00:00,12670.745,13431.999638247633
749,13225,2024-01-27 11:30:00,12800.897,13432.737714841502
750,12738,2024-01-27 11:30:00,12800.897,12995.401352554918
751,12738,2024-01-27 12:00:00,12724.192,13023.202817607396
752,12148,2024-01-27 12:00:00,12724.192,12587.898176567358
753,12148,2024-01-27 12:30:00,12431.017,12591.417761277564
754,11757,2024-01-27 12:30:00,12431.017,12260.798666618037
755,11757,2024-01-27 13:00:00,12291.347,12288.830356686547
756,11447,2024-01-27 13:00:00,12291.347,11962.57062353627
757,11447,2024-01-27 13:30:00,12287.447,11954.195005736517
758,11182,2024-01-27 13:30:00,12287.447,11653.28456662768
759,11182,2024-01-27 14:00:00,12279.247,11669.918212622886
760,10953,2024-01-27 14:00:00,12279.247,11425.566984457351
761,10953,2024-01-27 14:30:00,12286.231,11431.46123637704
762,10772,2024-01-27 14:30:00,12286.231,11266.157624822969
763,10772,2024-01-27 15:00:00,12264.974,11291.513018707235
764,10711,2024-01-27 15:00:00,12264.974,11176.625364479954
765,10711,2024-01-27 15:30:00,12210.902,11168.58901010252
766,10677,2024-01-27 15:30:00,12210.902,11120.179865743043
767,10677,2024-01-27 16:00:00,12179.639,11119.496572218448
768,10618,2024-01-27 16:00:00,12179.639,11043.083857595242
769,10618,2024-01-27 16:30:00,12164.904,11035.658573168304
770,10584,2024-01-27 16:30:00,12164.904,10975.816883925425
771,10584,2024-01-27 17:00:00,12205.923,10986.153435462416
772,10475,2024-01-27 17:00:00,12205.923,11018.6177937912
773,10475,2024-01-27 17:30:00,12309.713,11028.44500301649
774,10606,2024-01-27 17:30:00,12309.713,11003.451453608131
775,10606,2024-01-27 18:00:00,12403.778,11004.166066851893
776,10865,2024-01-27 18:00:00,12403.778,10878.088383635535
777,10865,2024-01-27 18:30:00,12479.263,10884.596987171588
778,11270,2024-01-27 18:30:00,12479.263,10965.040788235148
779,11270,2024-01-27 19:00:00,12673.11,10976.588909227487
780,11610,2024-01-27 19:00:00,12673.11,11354.99631735535
781,11610,2024-01-27 19:30:00,12979.535,11358.581542932121
782,11946,2024-01-27 19:30:00,12979.535,11736.076286078174
783,11946,2024-01-27 20:00:00,13207.628,11807.219669214714
784,12218,2024-01-27 20:00:00,13207.628,12167.014696523
785,12218,2024-01-27 20:30:00,13393.941,12162.178093280856
786,12368,2024-01-27 20:30:00,13393.941,12452.142081037504
787,12368,2024-01-27 21:00:00,13274.758,12419.843922078891
788,12495,2024-01-27 21:00:00,13274.758,12611.644382639033
789,12495,2024-01-27 21:30:00,12841.402,12658.341885293814
790,12682,2024-01-27 21:30:00,12841.402,12986.961872780686
791,12682,2024-01-27 22:00:00,12450.953,12981.663759527619
792,12887,2024-01-27 22:00:00,12450.953,13125.312570918017
793,12887,2024-01-27 22:30:00,12075.691,13162.920976281643
794,13037,2024-01-27 22:30:00,12075.691,13386.623960233796
795,13037,2024-01-27 23:00:00,11715.29,13180.396366799438
796,13048,2024-01-27 23:00:00,11715.29,13319.124384050852
797,13048,2024-01-27 23:30:00,11386.349,13313.390070164582
798,12923,2024-01-27 23:30:00,11386.349,13142.152590268097
799,12923,2024-01-28 00:30:00,11001.563,13143.753445255314
800,12915,2024-01-28 00:30:00,11001.563,12841.114597098773
801,12915,2024-01-28 01:00:00,10714.215,12821.198577973913
802,13005,2024-01-28 01:00:00,10714.215,12673.929398257214
803,13005,2024-01-28 01:30:00,10420.408,12662.274860604324
804,13054,2024-01-28 01:30:00,10420.408,12657.225688285002
805,13054,2024-01-28 02:00:00,10161.243,12641.71521808467
806,13011,2024-01-28 02:00:00,10161.243,12657.515343110173
807,13011,2024-01-28 02:30:00,9934.501,12657.262566508414
808,12979,2024-01-28 02:30:00,9934.501,12666.149880535942
809,12979,2024-01-28 03:00:00,9754.16,12662.775778600871
810,12944,2024-01-28 03:00:00,9754.16,12793.207586323007
811,12944,2024-01-28 03:30:00,9623.638,12789.555349420669
812,12930,2024-01-28 03:30:00,9623.638,12731.014249956606
813,12930,2024-01-28 04:00:00,9555.0625,12728.523611726672
814,12880,2024-01-28 04:00:00,9555.0625,12548.280141981999
815,12880,2024-01-28 04:30:00,9554.596,12556.320180738601
816,12914,2024-01-28 04:30:00,9554.596,12548.574108154035
817,12914,2024-01-28 05:00:00,9460.028,12545.11269824792
818,13016,2024-01-28 05:00:00,9460.028,12528.130219025583
819,13016,2024-01-28 05:30:00,9263.626,12522.069044965436
820,13133,2024-01-28 05:30:00,9263.626,12635.740636520659
821,13133,2024-01-28 06:00:00,9038.3125,12632.83034597277
822,13221,2024-01-28 06:00:00,9038.3125,12736.467404614721
823,13221,2024-01-28 06:30:00,8767.275,12739.718522749261
824,13413,2024-01-28 06:30:00,8767.275,12815.7796502619
825,13413,2024-01-28 07:00:00,8739.604,12813.006928453193
826,13709,2024-01-28 07:00:00,8739.604,13012.53127786376
827,13709,2024-01-28 07:30:00,8956.897,13003.480293835033
828,14097,2024-01-28 07:30:00,8956.897,13314.16775398382
829,14097,2024-01-28 08:00:00,9164.485,13305.96601341495
830,14203,2024-01-28 08:00:00,9164.485,13514.134122449837
831,14203,2024-01-28 08:30:00,9386.535,13508.090514632895
832,14031,2024-01-28 08:30:00,9386.535,13680.339262976318
833,14031,2024-01-28 09:00:00,9608.258,13667.643535209101
834,13674,2024-01-28 09:00:00,9608.258,13517.44629496386
835,13674,2024-01-28 09:30:00,9816.861,13516.497511052763
836,13262,2024-01-28 09:30:00,9816.861,13082.140087548087
837,13262,2024-01-28 10:00:00,10077.34,13104.852798357886
838,12852,2024-01-28 10:00:00,10077.34,12618.392010664855
839,12852,2024-01-28 10:30:00,10384.908,12628.373719557823
840,12499,2024-01-28 10:30:00,10384.908,12248.089278400332
841,12499,2024-01-28 11:00:00,10664.099,12280.509869725498
842,12160,2024-01-28 11:00:00,10664.099,11926.607442110919
843,12160,2024-01-28 11:30:00,10934.456,11939.680166996292
844,11791,2024-01-28 11:30:00,10934.456,11605.455645586764
845,11791,2024-01-28 12:00:00,11035.628,11653.670306983497
846,10494,2024-01-28 12:00:00,11035.628,10826.636326823924
847,10494,2024-01-28 12:30:00,10959.909,10824.307764458159
848,10174,2024-01-28 12:30:00,10959.909,10535.234596409931
849,10174,2024-01-28 13:00:00,10934.312,10577.730989976231
850,9918,2024-01-28 13:00:00,10934.312,10285.174475780701
851,9918,2024-01-28 13:30:00,10942.887,10293.719028318008
852,9700,2024-01-28 13:30:00,10942.887,10031.517422815601
853,9700,2024-01-28 14:00:00,10955.33,10081.921855059683
854,9514,2024-01-28 14:00:00,10955.33,9854.475191462798
855,9514,2024-01-28 14:30:00,10982.702,9848.186164713741
856,9333,2024-01-28 14:30:00,10982.702,9711.303133575559
857,9333,2024-01-28 15:00:00,10986.8545,9748.587563790514
858,9202,2024-01-28 15:00:00,10986.8545,9623.106741423851
859,9202,2024-01-28 15:30:00,10965.692,9616.482757810103
860,9115,2024-01-28 15:30:00,10965.692,9514.431808781424
861,9115,2024-01-28 16:00:00,10995.458,9554.711270723874
862,9006,2024-01-28 16:00:00,10995.458,9546.26717205657
863,9006,2024-01-28 16:30:00,11075.469,9560.516171442603
864,8895,2024-01-28 16:30:00,11075.469,9502.314408626364
865,8895,2024-01-28 17:00:00,11217.281,9506.361390014512
866,8778,2024-01-28 17:00:00,11217.281,9314.645176057154
867,8778,2024-01-28 17:30:00,11427.931,9319.255763291821
868,8608,2024-01-28 17:30:00,11427.931,9047.137609466492
869,8608,2024-01-28 18:00:00,11624.265,9011.28656124638
870,8753,2024-01-28 18:00:00,11624.265,8743.277348254094
871,8753,2024-01-28 18:30:00,11795.272,8756.829160389545
872,9060,2024-01-28 18:30:00,11795.272,8733.328279581974
873,9060,2024-01-28 19:00:00,12097.756,8681.259193981263
874,9287,2024-01-28 19:00:00,12097.756,8904.791678258487
875,9287,2024-01-28 19:30:00,12527.797,8902.266608065249
876,9467,2024-01-28 19:30:00,12527.797,9123.14285232294
877,9467,2024-01-28 20:00:00,12876.135,9087.06683759638
878,9657,2024-01-28 20:00:00,12876.135,9316.477562812692
879,9657,2024-01-28 20:30:00,13174.613,9270.723740080386
880,9818,2024-01-28 20:30:00,13174.613,9530.211910589816
881,9818,2024-01-28 21:00:00,13219.374,9502.758992027917
882,10072,2024-01-28 21:00:00,13219.374,9716.558836611923
883,10072,2024-01-28 21:30:00,12995.139,9752.849599680228
884,10421,2024-01-28 21:30:00,12995.139,10244.167310371346
885,10421,2024-01-28 22:00:00,12803.573,10227.799045006923
886,10693,2024-01-28 22:00:00,12803.573,10543.013174487674
887,10693,2024-01-28 22:30:00,12634.405,10579.913071679648
888,10950,2024-01-28 22:30:00,12634.405,10904.693096419343
889,10950,2024-01-28 23:00:00,12357.023,10824.008238289553
890,11062,2024-01-28 23:00:00,12357.023,11099.592180822208
891,11062,2024-01-28 23:30:00,11979.324,11096.647472045335
892,11022,2024-01-28 23:30:00,11979.324,11079.23030047057
893,11022,2024-01-29 00:30:00,11378.401,11332.272808728567
894,10969,2024-01-29 00:30:00,11378.401,11252.359911632526
895,10969,2024-01-29 01:00:00,11152.749,11259.25781183351
896,10919,2024-01-29 01:00:00,11152.749,11313.821843726319
897,10919,2024-01-29 01:30:00,10919.612,11314.761627684438
898,10880,2024-01-29 01:30:00,10919.612,11302.285506864053
899,10880,2024-01-29 02:00:00,10725.882,11292.026634577973
900,10877,2024-01-29 02:00:00,10725.882,11232.043353339674
901,10877,2024-01-29 02:30:00,10567.665,11230.113441991527
902,10873,2024-01-29 02:30:00,10567.665,11255.680933689322
903,10873,2024-01-29 03:00:00,10460.703,11262.363654349241
904,10860,2024-01-29 03:00:00,10460.703,11263.630421592914
905,10860,2024-01-29 03:30:00,10407.552,11265.615651506258
906,10895,2024-01-29 03:30:00,10407.552,11256.659861171542
907,10895,2024-01-29 04:00:00,10391.145,11262.251955079955
908,10941,2024-01-29 04:00:00,10391.145,11219.383643106376
909,10941,2024-01-29 04:30:00,10410.966,11219.804832923233
910,11082,2024-01-29 04:30:00,10410.966,11291.303128701311
911,11082,2024-01-29 05:00:00,10506.454,11295.600104596904
912,11294,2024-01-29 05:00:00,10506.454,11569.045535755218
913,11294,2024-01-29 05:30:00,10685.158,11569.770607844921
914,11525,2024-01-29 05:30:00,10685.158,11816.259447858689
915,11525,2024-01-29 06:00:00,10901.847,11813.544824188884
916,11737,2024-01-29 06:00:00,10901.847,12013.300925472016
917,11737,2024-01-29 06:30:00,11140.599,12023.231382473854
918,12063,2024-01-29 06:30:00,11140.599,12182.256709514595
919,12063,2024-01-29 07:00:00,11648.549,12214.954104400145
920,12465,2024-01-29 07:00:00,11648.549,12651.079658816987
921,12465,2024-01-29 07:30:00,12423.7295,12724.395653816493
922,12849,2024-01-29 07:30:00,12423.7295,13183.346438303688
923,12849,2024-01-29 08:00:00,13214.204,13011.090483594928
924,13120,2024-01-29 08:00:00,13214.204,13076.17679155536
925,13120,2024-01-29 08:30:00,14067.893,13080.296921230154
926,13109,2024-01-29 08:30:00,14067.893,13369.382240379768
927,13109,2024-01-29 09:00:00,14646.535,13372.446894405399
928,12877,2024-01-29 09:00:00,14646.535,13417.2496214241
929,12877,2024-01-29 09:30:00,14925.72,13423.083140139524
930,12666,2024-01-29 09:30:00,14925.72,13198.559048396883
931,12666,2024-01-29 10:00:00,15282.253,13092.556705726502
932,12449,2024-01-29 10:00:00,15282.253,13082.896663041198
933,12449,2024-01-29 10:30:00,15684.369,13069.26692432962
934,12139,2024-01-29 10:30:00,15684.369,12891.911634361926
935,12139,2024-01-29 11:00:00,15967.64,12843.78153905114
936,11772,2024-01-29 11:00:00,15967.64,12353.705165273934
937,11772,2024-01-29 11:30:00,16212.503,12353.795471581956
938,11425,2024-01-29 11:30:00,16212.503,11967.471531904046
939,11425,2024-01-29 12:00:00,15957.394,12000.674481678256
940,11069,2024-01-29 12:00:00,15957.394,11397.552587186317
941,11069,2024-01-29 12:30:00,15127.238,11445.314250332713
942,10814,2024-01-29 12:30:00,15127.238,11236.610616504013
943,10814,2024-01-29 13:00:00,15104.318,11272.628974297502
944,10632,2024-01-29 13:00:00,15104.318,11027.66918566346
945,10632,2024-01-29 13:30:00,15855.753,10936.85454448088
946,10447,2024-01-29 13:30:00,15855.753,10752.510870056383
947,10447,2024-01-29 14:00:00,16331.601,10791.872752324523
948,10326,2024-01-29 14:00:00,16331.601,10636.750612104688
949,10326,2024-01-29 14:30:00,16603.059,10612.92115365234
950,10247,2024-01-29 14:30:00,16603.059,10490.508312728653
951,10247,2024-01-29 15:00:00,16713.656,10522.17048927727
952,10224,2024-01-29 15:00:00,16713.656,10470.074869533282
953,10224,2024-01-29 15:30:00,16665.434,10474.156379874434
954,10244,2024-01-29 15:30:00,16665.434,10437.741967076954
955,10244,2024-01-29 16:00:00,16643.201,10466.398496498454
956,10355,2024-01-29 16:00:00,16643.201,10486.244674710446
957,10355,2024-01-29 16:30:00,16625.436,10496.298567110021
958,10572,2024-01-29 16:30:00,16625.436,10595.152832440606
959,10572,2024-01-29 17:00:00,16332.962,10606.552437842922
960,10759,2024-01-29 17:00:00,16332.962,10786.882789036263
961,10759,2024-01-29 17:30:00,15811.484,10842.511341333324
962,11058,2024-01-29 17:30:00,15811.484,11100.080261988733
963,11058,2024-01-29 18:00:00,15158.453,11317.575555536016
964,11589,2024-01-29 18:00:00,15158.453,11558.776829646122
965,11589,2024-01-29 18:30:00,14293.547,11619.7335478198
966,12456,2024-01-29 18:30:00,14293.547,12110.605980004526
967,12456,2024-01-29 19:00:00,14123.57,12066.555394670877
968,13264,2024-01-29 19:00:00,14123.57,12861.09955167027
969,13264,2024-01-29 19:30:00,14653.974,12820.042525136521
970,14158,2024-01-29 19:30:00,14653.974,13613.581186117945
971,14158,2024-01-29 20:00:00,14921.473,13569.045963568813
972,14724,2024-01-29 20:00:00,14921.473,14431.172915652303
973,14724,2024-01-29 20:30:00,14979.589,14429.577954746104
974,15010,2024-01-29 20:30:00,14979.589,15029.378005601064
975,15010,2024-01-29 21:00:00,15052.958,15049.687421539704
976,15298,2024-01-29 21:00:00,15052.958,15324.671269678358
977,15298,2024-01-29 21:30:00,15120.584,15331.694830502709
978,15682,2024-01-29 21:30:00,15120.584,15810.81605184925
979,15682,2024-01-29 22:00:00,14951.73,15796.580548041959
980,16015,2024-01-29 22:00:00,14951.73,16199.390869891366
981,16015,2024-01-29 22:30:00,14553.453,16234.092316549728
982,16292,2024-01-29 22:30:00,14553.453,16693.55965102157
983,16292,2024-01-29 23:00:00,14137.656,16617.463124676273
984,16014,2024-01-29 23:00:00,14137.656,16862.45455160084
985,16014,2024-01-29 23:30:00,13688.847,16903.469783961686
986,15150,2024-01-29 23:30:00,13688.847,16529.643998950916
987,15150,2024-01-30 00:30:00,13064.695,16470.62002293354
988,15133,2024-01-30 00:30:00,13064.695,15622.723485247287
989,15133,2024-01-30 01:00:00,12679.539,15589.39691662041
990,15848,2024-01-30 01:00:00,12679.539,15665.411838825768
991,15848,2024-01-30 01:30:00,12281.765,15632.159798651517
992,16310,2024-01-30 01:30:00,12281.765,16395.34790142835
993,16310,2024-01-30 02:00:00,11950.313,16402.59275780608
994,16524,2024-01-30 02:00:00,11950.313,16719.36318030853
995,16524,2024-01-30 02:30:00,11676.511,16711.96912848242
996,16593,2024-01-30 02:30:00,11676.511,16983.0793874598
997,16593,2024-01-30 03:00:00,11492.258,16967.316839708335
998,16500,2024-01-30 03:00:00,11492.258,17064.153623703387
999,16500,2024-01-30 03:30:00,11402.519,17062.797528282008
1000,16486,2024-01-30 03:30:00,11402.519,17012.157106429495
1001,16486,2024-01-30 04:00:00,11340.133,17005.125430699947
1002,16461,2024-01-30 04:00:00,11340.133,16935.906731505223
1003,16461,2024-01-30 04:30:00,11305.388,16938.382045118335
1004,16287,2024-01-30 04:30:00,11305.388,16923.537720347973
1005,16287,2024-01-30 05:00:00,11360.953,16937.19474700388
1006,15882,2024-01-30 05:00:00,11360.953,16904.238986179138
1007,15882,2024-01-30 05:30:00,11514.9375,16897.673001449875
1008,15231,2024-01-30 05:30:00,11514.9375,16379.156452717993
1009,15231,2024-01-30 06:00:00,11687.908,16383.212535944795
1010,14337,2024-01-30 06:00:00,11687.908,15551.306996541067
1011,14337,2024-01-30 06:30:00,11857.239,15570.82836944024
1012,14164,2024-01-30 06:30:00,11857.239,14696.076480666949
1013,14164,2024-01-30 07:00:00,12350.121,14745.43113750245
1014,14674,2024-01-30 07:00:00,12350.121,14644.609933949441
1015,14674,2024-01-30 07:30:00,13172.545,14707.756814801645
1016,15010,2024-01-30 07:30:00,13172.545,15257.238238483473
1017,15010,2024-01-30 08:00:00,13907.862,15085.136349553784
1018,15138,2024-01-30 08:00:00,13907.862,15317.633350923428
1019,15138,2024-01-30 08:30:00,14602.126,15324.710803844813
1020,15113,2024-01-30 08:30:00,14602.126,15390.211782364822
1021,15113,2024-01-30 09:00:00,15071.016,15381.430343427448
1022,15084,2024-01-30 09:00:00,15071.016,15272.14050572025
1023,15084,2024-01-30 09:30:00,15281.969,15275.142632154275
1024,14919,2024-01-30 09:30:00,15281.969,15323.874581182921
1025,14919,2024-01-30 10:00:00,15576.576,15156.696436744356
1026,14653,2024-01-30 10:00:00,15576.576,14959.765487730108
1027,14653,2024-01-30 10:30:00,15933.176,14958.995841795517
1028,14223,2024-01-30 10:30:00,15933.176,14571.88175091166
1029,14223,2024-01-30 11:00:00,16176.689,14503.655308361065
1030,13641,2024-01-30 11:00:00,16176.689,14325.970203552411
1031,13641,2024-01-30 11:30:00,16374.675,14332.931260950676
1032,13127,2024-01-30 11:30:00,16374.675,13859.196500750275
1033,13127,2024-01-30 12:00:00,16193.306,13928.987860317471
1034,12668,2024-01-30 12:00:00,16193.306,13040.21586307715
1035,12668,2024-01-30 12:30:00,15561.872,13107.061088461633
1036,12295,2024-01-30 12:30:00,15561.872,12745.297188518241
1037,12295,2024-01-30 13:00:00,15643.556,12778.36764548442
1038,11970,2024-01-30 13:00:00,15643.556,12374.412961500162
1039,11970,2024-01-30 13:30:00,16421.514,12302.343368715667
1040,11718,2024-01-30 13:30:00,16421.514,11846.42031247535
1041,11718,2024-01-30 14:00:00,16924.281,11870.419119485685
1042,11516,2024-01-30 14:00:00,16924.281,11605.571292056173
1043,11516,2024-01-30 14:30:00,17235.117,11590.384083831517
1044,11395,2024-01-30 14:30:00,17235.117,11490.786739012708
1045,11395,2024-01-30 15:00:00,17363.117,11518.508562993837
1046,11356,2024-01-30 15:00:00,17363.117,11428.731767589928
1047,11356,2024-01-30 15:30:00,17259.574,11423.074906350976
1048,11379,2024-01-30 15:30:00,17259.574,11366.794412706866
1049,11379,2024-01-30 16:00:00,17171.066,11335.543433685256
1050,11396,2024-01-30 16:00:00,17171.066,11303.084751485068
1051,11396,2024-01-30 16:30:00,17100.045,11301.967764990384
1052,11565,2024-01-30 16:30:00,17100.045,11321.543663793602
1053,11565,2024-01-30 17:00:00,16788.736,11378.278812440025
1054,11811,2024-01-30 17:00:00,16788.736,11550.201055343336
1055,11811,2024-01-30 17:30:00,16286.468,11613.889512774742
1056,12165,2024-01-30 17:30:00,16286.468,11800.660666472864
1057,12165,2024-01-30 18:00:00,15630.935,12197.75189415811
1058,12818,2024-01-30 18:00:00,15630.935,12359.878977986527
1059,12818,2024-01-30 18:30:00,14739.962,12421.812690565544
1060,13753,2024-01-30 18:30:00,14739.962,12943.489405701046
1061,13753,2024-01-30 19:00:00,14579.932,12949.236438778591
1062,14624,2024-01-30 19:00:00,14579.932,13795.28607790196
1063,14624,2024-01-30 19:30:00,15160.423,13744.868637327474
1064,15385,2024-01-30 19:30:00,15160.423,14506.346242263468
1065,15385,2024-01-30 20:00:00,15408.332,14456.463579458088
1066,15793,2024-01-30 20:00:00,15408.332,15168.803528111062
1067,15793,2024-01-30 20:30:00,15385.852,15191.001813572564
1068,16113,2024-01-30 20:30:00,15385.852,15682.749532270655
1069,16113,2024-01-30 21:00:00,15393.979,15635.514999891764
1070,16433,2024-01-30 21:00:00,15393.979,15848.456739515548
1071,16433,2024-01-30 21:30:00,15390.677,15848.521525808139
1072,16747,2024-01-30 21:30:00,15390.677,16323.591515966016
1073,16747,2024-01-30 22:00:00,15321.364,16201.043261524728
1074,17107,2024-01-30 22:00:00,15321.364,16554.558169916912
1075,17107,2024-01-30 22:30:00,15186.583,16583.55761945324
1076,17372,2024-01-30 22:30:00,15186.583,17034.881655205154
1077,17372,2024-01-30 23:00:00,14921.207,16974.066712836262
1078,17306,2024-01-30 23:00:00,14921.207,17169.56379217819
1079,17306,2024-01-30 23:30:00,14544.918,17208.329663202847
1080,16856,2024-01-30 23:30:00,14544.918,16755.51515822952
1081,16856,2024-01-31 00:30:00,14590.378,16949.89649411654
1082,17048,2024-01-31 00:30:00,14590.378,16297.020218928246
1083,17048,2024-01-31 01:00:00,14131.363,16266.480057636349
1084,17757,2024-01-31 01:00:00,14131.363,16385.410646146192
1085,17757,2024-01-31 01:30:00,13649.963,16323.252620576239
1086,18241,2024-01-31 01:30:00,13649.963,17052.444819849727
1087,18241,2024-01-31 02:00:00,13277.084,17019.99631406146
1088,18501,2024-01-31 02:00:00,13277.084,17422.795117554775
1089,18501,2024-01-31 02:30:00,13008.684,17410.356826120056
1090,18583,2024-01-31 02:30:00,13008.684,17753.66809527829
1091,18583,2024-01-31 03:00:00,12775.056,17740.519692679743
1092,18403,2024-01-31 03:00:00,12775.056,17831.604727234975
1093,18403,2024-01-31 03:30:00,12582.957,17814.323042393058
1094,18300,2024-01-31 03:30:00,12582.957,17715.00771966135
1095,18300,2024-01-31 04:00:00,12466.159,17698.517092559647
1096,18130,2024-01-31 04:00:00,12466.159,17759.582867725614
1097,18130,2024-01-31 04:30:00,12413.738,17761.44414489853
1098,17811,2024-01-31 04:30:00,12413.738,17707.00534603672
1099,17811,2024-01-31 05:00:00,12491.865,17716.545534385892
1100,17124,2024-01-31 05:00:00,12491.865,17357.58091066323
1101,17124,2024-01-31 05:30:00,12719.556,17359.91012085472
1102,16267,2024-01-31 05:30:00,12719.556,16855.13850792781
1103,16267,2024-01-31 06:00:00,12911.796,16870.33036099119
1104,15346,2024-01-31 06:00:00,12911.796,16075.810521085754
1105,15346,2024-01-31 06:30:00,13045.581,16073.002679261846
1106,15150,2024-01-31 06:30:00,13045.581,15174.264513689437
1107,15150,2024-01-31 07:00:00,13546.637,15222.49587060004
1108,15381,2024-01-31 07:00:00,13546.637,15103.970678632744
1109,15381,2024-01-31 07:30:00,14409.752,15204.695635194314
1110,16023,2024-01-31 07:30:00,14409.752,15811.26035656734
1111,16023,2024-01-31 08:00:00,15213.57,15528.647096232595
1112,16274,2024-01-31 08:00:00,15213.57,15789.303373450635
1113,16274,2024-01-31 08:30:00,16022.111,15795.44414931621
1114,16246,2024-01-31 08:30:00,16022.111,15754.182151309893
1115,16246,2024-01-31 09:00:00,16503.592,15743.235486413798
1116,16315,2024-01-31 09:00:00,16503.592,15746.720020994859
1117,16315,2024-01-31 09:30:00,16614.113,15741.15234685194
1118,16233,2024-01-31 09:30:00,16614.113,15729.277125580036
1119,16233,2024-01-31 10:00:00,16933.875,15584.598190743776
1120,15953,2024-01-31 10:00:00,16933.875,15806.19118167204
1121,15953,2024-01-31 10:30:00,17434.047,15849.854286228348
1122,15589,2024-01-31 10:30:00,17434.047,15707.427078367566
1123,15589,2024-01-31 11:00:00,17764.45,15726.702006738904
1124,15147,2024-01-31 11:00:00,17764.45,15118.741276675008
1125,15147,2024-01-31 11:30:00,18015.18,15143.442322726416
1126,14620,2024-01-31 11:30:00,18015.18,14729.146357357877
1127,14620,2024-01-31 12:00:00,17807.785,14692.209109526078
1128,13782,2024-01-31 12:00:00,17807.785,14353.269016558736
1129,13782,2024-01-31 12:30:00,17056.234,14333.016623478548
1130,13370,2024-01-31 12:30:00,17056.234,13861.669333715688
1131,13370,2024-01-31 13:00:00,17115.826,13865.790701435506
1132,13063,2024-01-31 13:00:00,17115.826,13415.699034133248
1133,13063,2024-01-31 13:30:00,17960.855,13432.773727697528
1134,12748,2024-01-31 13:30:00,17960.855,13032.802692626366
1135,12748,2024-01-31 14:00:00,18500.172,13118.486089427219
1136,12519,2024-01-31 14:00:00,18500.172,12850.294936165626
1137,12519,2024-01-31 14:30:00,18840.129,12876.61134103182
1138,12352,2024-01-31 14:30:00,18840.129,12681.111724995853
1139,12352,2024-01-31 15:00:00,18878.21,12667.530155384153
1140,12261,2024-01-31 15:00:00,18878.21,12497.752116797416
1141,12261,2024-01-31 15:30:00,18560.604,12456.391728301596
1142,12241,2024-01-31 15:30:00,18560.604,12391.142340141827
1143,12241,2024-01-31 16:00:00,18327.842,12387.567124934065
1144,12216,2024-01-31 16:00:00,18327.842,12333.209385260545
1145,12216,2024-01-31 16:30:00,18159.297,12317.051700812664
1146,12438,2024-01-31 16:30:00,18159.297,12357.988892954856
1147,12438,2024-01-31 17:00:00,17861.23,12391.177526810243
1148,12494,2024-01-31 17:00:00,17861.23,12636.808780768166
1149,12494,2024-01-31 17:30:00,17500.225,12675.486385711361
1150,12933,2024-01-31 17:30:00,17500.225,12882.256484564861
1151,12933,2024-01-31 18:00:00,16895.928,13275.366514867354
1152,13506,2024-01-31 18:00:00,16895.928,13451.16699770718
1153,13506,2024-01-31 18:30:00,15961.898,13513.91956147284
1154,14655,2024-01-31 18:30:00,15961.898,14017.108341329398
1155,14655,2024-01-31 19:00:00,15880.2295,13861.448017516674
1156,15584,2024-01-31 19:00:00,15880.2295,14676.972728948194
1157,15584,2024-01-31 19:30:00,16670.154,14625.898623905527
1158,16394,2024-01-31 19:30:00,16670.154,15414.57475453689
1159,16394,2024-01-31 20:00:00,16948.43,15240.05821664891
1160,16874,2024-01-31 20:00:00,16948.43,16058.963002587812
1161,16874,2024-01-31 20:30:00,16775.22,16070.112983556975
1162,17208,2024-01-31 20:30:00,16775.22,16591.09920233975
1163,17208,2024-01-31 21:00:00,16770.201,16563.876529263318
1164,17621,2024-01-31 21:00:00,16770.201,16697.66292708229
1165,17621,2024-01-31 21:30:00,16868.74,16706.364523759265
1166,18066,2024-01-31 21:30:00,16868.74,17312.15657281626
1167,18066,2024-01-31 22:00:00,16880.84,17291.131814812714
1168,18492,2024-01-31 22:00:00,16880.84,17760.177326278375
1169,18492,2024-01-31 22:30:00,16849.31,17783.20309954306
1170,18741,2024-01-31 22:30:00,16849.31,18021.569647300035
1171,18741,2024-01-31 23:00:00,16608.178,18029.184560761947
1172,18603,2024-01-31 23:00:00,16608.178,18259.201495969995
1173,18603,2024-01-31 23:30:00,16160.65,18296.25942964101
1174,18084,2024-01-31 23:30:00,16160.65,18092.14144587169
